<?xml version="1.0" encoding="UTF-8"?>
<project-private xmlns="http://www.netbeans.org/ns/project-private/1">
    <editor-bookmarks xmlns="http://www.netbeans.org/ns/editor-bookmarks/2" lastBookmarkId="0"/>
    <open-files xmlns="http://www.netbeans.org/ns/projectui-open-files/2">
        <group>
            <file>file:/C:/Users/Rawan/Documents/NetBeansProjects/BlackJackProject/src/Cards/Deck.java</file>
            <file>file:/C:/Users/Rawan/Documents/NetBeansProjects/BlackJackProject/src/blackjackproject/BlackJackProject.java</file>
            <file>file:/C:/Users/Rawan/Documents/NetBeansProjects/BlackJackProject/src/blackjackproject/SpringUtilities.java</file>
            <file>file:/C:/Users/Rawan/Documents/NetBeansProjects/BlackJackProject/src/Cards/CardatHand.java</file>
            <file>file:/C:/Users/Rawan/Documents/NetBeansProjects/BlackJackProject/src/Cards/CardPack.java</file>
            <file>file:/C:/Users/Rawan/Documents/NetBeansProjects/BlackJackProject/src/Cards/Card.java</file>
            <file>file:/C:/Users/Rawan/Documents/NetBeansProjects/BlackJackProject/src/Cards/Suit.java</file>
            <file>file:/C:/Users/Rawan/Documents/NetBeansProjects/BlackJackProject/src/Players/PlayerBJ.java</file>
            <file>file:/C:/Users/Rawan/Documents/NetBeansProjects/BlackJackProject/src/Cards/Face.java</file>
            <file>file:/C:/Users/Rawan/Documents/NetBeansProjects/BlackJackProject/src/blackjackproject/PlayerDialog.java</file>
            <file>file:/C:/Users/Rawan/Documents/NetBeansProjects/BlackJackProject/src/blackjackproject/GamePanel.java</file>
            <file>file:/C:/Users/Rawan/Documents/NetBeansProjects/BlackJackProject/src/Cards/PlayerCardatHand.java</file>
            <file>file:/C:/Users/Rawan/Documents/NetBeansProjects/BlackJackProject/src/blackjackproject/Application.java</file>
            <file>file:/C:/Users/Rawan/Documents/NetBeansProjects/BlackJackProject/src/Players/Dealer.java</file>
            <file>file:/C:/Users/Rawan/Documents/NetBeansProjects/BlackJackProject/src/Cards/DealerCardatHand.java</file>
            <file>file:/C:/Users/Rawan/Documents/NetBeansProjects/BlackJackProject/src/blackjackproject/GameTable.java</file>
            <file>file:/C:/Users/Rawan/Documents/NetBeansProjects/BlackJackProject/src/Players/Player.java</file>
        </group>
    </open-files>
</project-private>
